{
  "learning_rate": 0.0007568292060167617,
  "n_steps": 2048,
  "batch_size": 256,
  "n_epochs": 10,
  "gamma": 0.9827908771642777,
  "gae_lambda": 0.8713506653387179,
  "clip_range": 0.18428035290621425
}