{
  "learning_rate": 7.591104805282687e-05,
  "n_steps": 4096,
  "batch_size": 64,
  "n_epochs": 18,
  "gamma": 0.9184669601070001,
  "gae_lambda": 0.9939169255529117,
  "clip_range": 0.3325398470083344
}