{
  "learning_rate": 5.6115164153345e-05,
  "buffer_size": 50000,
  "batch_size": 512,
  "gamma": 0.9600513896731466,
  "tau": 0.014453378978124865,
  "learning_starts": 500
}